163.238.192.156  [04/Jan/2020:11:25:48 +0100] "GET /usr HTTP/1.0" 200 5003 "http://fletcher.com/main.php" "Mozilla/5.0 (Linux; Android 10; ONEPLUS A6000) AppleWebKit/537.36 (KHTML, like Gecko) Chrome/86.0.4240.198 Mobile Safari/537.36 OPR/61.2.3076.56749" 1451
211.22.239.21  [10/Jan/2020:03:30:38 +0100] "POST /usr/admin HTTP/1.0" 403 5038 "http://rivera.org/main/index.jsp" "Mozilla/5.0 (Windows NT 10.0; Win64; x64) AppleWebKit/537.36 (KHTML, like Gecko) Chrome/89.0.4380.0 Safari/537.36 Edg/89.0.759.0" 1677
183.210.168.70  [12/Jan/2020:11:31:15 +0100] "POST /usr/register HTTP/1.0" 304 4977 "http://www.henson.com/" "Mozilla/5.0 (Windows NT 10.0; Win64; x64) AppleWebKit/537.36 (KHTML, like Gecko) Chrome/89.0.4380.0 Safari/537.36 Edg/89.0.759.0" 3338
222.126.9.41  [05/Jan/2020:09:58:29 +0100] "GET /usr/admin HTTP/1.0" 404 5006 "https://lewis.info/list/tag/main/post.html" "Mozilla/5.0 (Linux; Android 10; ONEPLUS A6000) AppleWebKit/537.36 (KHTML, like Gecko) Chrome/77.0.3865.116 Mobile Safari/537.36 EdgA/45.12.4.5121" 2166
155.119.83.80  [13/Jan/2020:10:06:39 +0100] "PUT /usr/admin HTTP/1.0" 502 4889 "https://odom-robertson.com/posts/categories/category/" "Mozilla/5.0 (Android 10; Mobile; rv:84.0) Gecko/84.0 Firefox/84.0" 4830
155.119.83.80  [08/Jan/2020:02:05:10 +0100] "POST /usr/register HTTP/1.0" 502 4957 "http://www.henson.com/" "Mozilla/5.0 (Android 10; Mobile; rv:84.0) Gecko/84.0 Firefox/84.0" 479
122.161.25.177  [08/Jan/2020:08:01:29 +0100] "DELETE /usr/login HTTP/1.0" 404 5055 "https://www.hicks.net/blog/explore/main/register.html" "Mozilla/5.0 (Windows NT 10.0; Win64; x64) AppleWebKit/537.36 (KHTML, like Gecko) Chrome/87.0.4280.88 Safari/537.36 OPR/73.0.3856.329" 3113
211.22.239.21  [13/Jan/2020:01:37:46 +0100] "PUT /usr HTTP/1.0" 403 4952 "https://bradley-mathews.net/main/blog/home/" "Mozilla/5.0 (Windows NT 10.0; Win64; x64; rv:84.0) Gecko/20100101 Firefox/84.0" 2703
183.210.168.70  [08/Jan/2020:03:14:44 +0100] "PUT /usr/login HTTP/1.0" 404 4899 "http://rivera.org/main/index.jsp" "Mozilla/5.0 (Android 10; Mobile; rv:84.0) Gecko/84.0 Firefox/84.0" 2581
89.12.249.148  [02/Jan/2020:03:41:03 +0100] "PUT /usr/register HTTP/1.0" 502 4979 "http://peterson.org/main/" "Mozilla/5.0 (Linux; Android 10; ONEPLUS A6000) AppleWebKit/537.36 (KHTML, like Gecko) Chrome/86.0.4240.198 Mobile Safari/537.36 OPR/61.2.3076.56749" 3434
211.22.239.21  [05/Jan/2020:03:17:10 +0100] "DELETE /usr/register HTTP/1.0" 502 5048 "https://www.robertson.com/categories/explore/about/" "Mozilla/5.0 (Macintosh; Intel Mac OS X 10_9_3) AppleWebKit/537.75.14 (KHTML, like Gecko) Version/7.0.3 Safari/7046A194A" 2398
206.68.59.229  [06/Jan/2020:06:20:50 +0100] "GET /usr/admin HTTP/1.0" 200 4996 "https://serrano-benton.com/about/" "Mozilla/5.0 (Windows NT 10.0; Win64; x64) AppleWebKit/537.36 (KHTML, like Gecko) Chrome/87.0.4280.88 Safari/537.36 OPR/73.0.3856.329" 1804
83.102.180.58  [13/Jan/2020:07:07:08 +0100] "DELETE /usr/login HTTP/1.0" 500 5114 "http://www.ball.com/wp-content/terms/" "Mozilla/5.0 (Windows NT 10.0; Win64; x64; rv:84.0) Gecko/20100101 Firefox/84.0" 1170
155.119.83.80  [09/Jan/2020:12:03:55 +0100] "POST /usr/admin/developer HTTP/1.0" 502 5009 "https://wallace.com/main/terms/" "Mozilla/5.0 (Windows NT 10.0; Win64; x64) AppleWebKit/537.36 (KHTML, like Gecko) Chrome/87.0.4280.88 Safari/537.36 OPR/73.0.3856.329" 282
155.119.83.80  [10/Jan/2020:12:55:22 +0100] "POST /usr/admin HTTP/1.0" 500 4996 "https://burch-wade.net/terms.htm" "Mozilla/5.0 (Macintosh; Intel Mac OS X 10_9_3) AppleWebKit/537.75.14 (KHTML, like Gecko) Version/7.0.3 Safari/7046A194A" 2651
167.46.75.164  [03/Jan/2020:10:32:57 +0100] "GET /usr/login HTTP/1.0" 404 5014 "http://rivera.org/main/index.jsp" "Mozilla/5.0 (Macintosh; Intel Mac OS X 10_9_3) AppleWebKit/537.75.14 (KHTML, like Gecko) Version/7.0.3 Safari/7046A194A" 1776
128.106.123.132  [07/Jan/2020:03:23:09 +0100] "GET /usr HTTP/1.0" 303 5011 "http://peterson.org/main/" "Mozilla/5.0 (Android 10; Mobile; rv:84.0) Gecko/84.0 Firefox/84.0" 4405
204.248.230.170  [03/Jan/2020:07:09:45 +0100] "GET /usr HTTP/1.0" 303 5050 "https://www.davidson.biz/posts/blog/main.html" "Mozilla/5.0 (Windows NT 10.0; Win64; x64) AppleWebKit/537.36 (KHTML, like Gecko) Chrome/89.0.4380.0 Safari/537.36 Edg/89.0.759.0" 2737
167.46.75.164  [09/Jan/2020:01:07:11 +0100] "PUT /usr HTTP/1.0" 303 5052 "https://serrano-benton.com/about/" "Mozilla/5.0 (Linux; Android 10; ONEPLUS A6000) AppleWebKit/537.36 (KHTML, like Gecko) Chrome/87.0.4280.141 Mobile Safari/537.36" 496
183.210.168.70  [03/Jan/2020:02:23:33 +0100] "POST /usr/login HTTP/1.0" 303 5050 "https://www.davidson.biz/posts/blog/main.html" "Mozilla/5.0 (iPhone; CPU iPhone OS 12_4_9 like Mac OS X) AppleWebKit/605.1.15 (KHTML, like Gecko) Version/12.1.2 Mobile/15E148 Safari/604.1" 4157
211.22.239.21  [12/Jan/2020:04:26:03 +0100] "PUT /usr/admin/developer HTTP/1.0" 200 4987 "http://rivera.org/main/index.jsp" "Mozilla/5.0 (Linux; Android 10; ONEPLUS A6000) AppleWebKit/537.36 (KHTML, like Gecko) Chrome/77.0.3865.116 Mobile Safari/537.36 EdgA/45.12.4.5121" 1400
17.103.250.171  [12/Jan/2020:10:55:58 +0100] "POST /usr/register HTTP/1.0" 502 4947 "https://www.davidson.biz/posts/blog/main.html" "Mozilla/5.0 (Windows NT 10.0; Win64; x64) AppleWebKit/537.36 (KHTML, like Gecko) Chrome/89.0.4380.0 Safari/537.36 Edg/89.0.759.0" 2958
150.231.146.64  [10/Jan/2020:06:03:18 +0100] "GET /usr/admin HTTP/1.0" 502 4984 "http://smith.com/category/explore/category/about/" "Mozilla/5.0 (Windows NT 10.0; Win64; x64) AppleWebKit/537.36 (KHTML, like Gecko) Chrome/89.0.4380.0 Safari/537.36 Edg/89.0.759.0" 3741
186.114.230.128  [11/Jan/2020:05:34:11 +0100] "GET /usr/register HTTP/1.0" 500 5033 "https://www.davidson.biz/posts/blog/main.html" "Mozilla/5.0 (Linux; Android 10; ONEPLUS A6000) AppleWebKit/537.36 (KHTML, like Gecko) Chrome/87.0.4280.141 Mobile Safari/537.36" 974
186.114.230.128  [08/Jan/2020:07:31:06 +0100] "POST /usr/register HTTP/1.0" 403 4978 "http://santos-johnson.com/main/tags/app/post/" "Mozilla/5.0 (Windows NT 10.0; Win64; x64) AppleWebKit/537.36 (KHTML, like Gecko) Chrome/89.0.4380.0 Safari/537.36 Edg/89.0.759.0" 1127
94.71.240.158  [06/Jan/2020:08:21:11 +0100] "GET /usr HTTP/1.0" 303 4924 "https://robinson.com/" "Mozilla/5.0 (Android 10; Mobile; rv:84.0) Gecko/84.0 Firefox/84.0" 2264
128.106.123.132  [03/Jan/2020:07:10:23 +0100] "PUT /usr/admin/developer HTTP/1.0" 403 4982 "http://www.villarreal.com/search/wp-content/register.jsp" "Mozilla/5.0 (Windows NT 10.0; Win64; x64) AppleWebKit/537.36 (KHTML, like Gecko) Chrome/87.0.4280.141 Safari/537.36" 4619
204.248.230.170  [03/Jan/2020:05:11:15 +0100] "GET /usr/admin/developer HTTP/1.0" 200 5002 "https://odom-robertson.com/posts/categories/category/" "Mozilla/5.0 (Linux; Android 10; ONEPLUS A6000) AppleWebKit/537.36 (KHTML, like Gecko) Chrome/87.0.4280.141 Mobile Safari/537.36" 321
17.103.250.171  [04/Jan/2020:08:08:53 +0100] "POST /usr/register HTTP/1.0" 303 4963 "http://james-ruiz.com/" "Mozilla/5.0 (Windows NT 10.0; Win64; x64) AppleWebKit/537.36 (KHTML, like Gecko) Chrome/89.0.4380.0 Safari/537.36 Edg/89.0.759.0" 770
207.110.42.160  [11/Jan/2020:07:25:46 +0100] "GET /usr/admin HTTP/1.0" 403 5007 "http://rivera.org/main/index.jsp" "Mozilla/5.0 (Linux; Android 10; ONEPLUS A6000) AppleWebKit/537.36 (KHTML, like Gecko) Chrome/87.0.4280.141 Mobile Safari/537.36" 728
61.87.60.12  [09/Jan/2020:04:35:51 +0100] "GET /usr HTTP/1.0" 500 4993 "http://fletcher.com/main.php" "Mozilla/5.0 (Windows NT 10.0; Win64; x64) AppleWebKit/537.36 (KHTML, like Gecko) Chrome/87.0.4280.88 Safari/537.36 OPR/73.0.3856.329" 2158
128.106.123.132  [12/Jan/2020:11:08:07 +0100] "GET /usr/admin/developer HTTP/1.0" 404 4950 "http://rivera.org/main/index.jsp" "Mozilla/5.0 (Windows NT 10.0; Win64; x64) AppleWebKit/537.36 (KHTML, like Gecko) Chrome/87.0.4280.141 Safari/537.36" 3995
150.231.146.64  [12/Jan/2020:08:45:58 +0100] "GET /usr HTTP/1.0" 303 4983 "https://www.reyes.com/faq.html" "Mozilla/5.0 (Linux; Android 10; ONEPLUS A6000) AppleWebKit/537.36 (KHTML, like Gecko) Chrome/86.0.4240.198 Mobile Safari/537.36 OPR/61.2.3076.56749" 3671
222.126.9.41  [06/Jan/2020:01:18:27 +0100] "GET /usr/register HTTP/1.0" 404 4994 "https://www.robertson.com/categories/explore/about/" "Mozilla/5.0 (Linux; Android 10; ONEPLUS A6000) AppleWebKit/537.36 (KHTML, like Gecko) Chrome/77.0.3865.116 Mobile Safari/537.36 EdgA/45.12.4.5121" 1992
155.119.83.80  [07/Jan/2020:04:50:09 +0100] "PUT /usr/admin HTTP/1.0" 403 4921 "http://fletcher.com/main.php" "Mozilla/5.0 (Linux; Android 10; ONEPLUS A6000) AppleWebKit/537.36 (KHTML, like Gecko) Chrome/86.0.4240.198 Mobile Safari/537.36 OPR/61.2.3076.56749" 3665
83.102.180.58  [08/Jan/2020:06:16:01 +0100] "PUT /usr/admin HTTP/1.0" 304 4989 "https://www.hicks.net/blog/explore/main/register.html" "Mozilla/5.0 (Linux; Android 10; ONEPLUS A6000) AppleWebKit/537.36 (KHTML, like Gecko) Chrome/77.0.3865.116 Mobile Safari/537.36 EdgA/45.12.4.5121" 3603
61.87.60.12  [05/Jan/2020:03:53:22 +0100] "PUT /usr/admin/developer HTTP/1.0" 404 4986 "http://www.harris.com/app/categories/list/index/" "Mozilla/5.0 (Windows NT 10.0; Win64; x64) AppleWebKit/537.36 (KHTML, like Gecko) Chrome/89.0.4380.0 Safari/537.36 Edg/89.0.759.0" 1478
150.231.146.64  [13/Jan/2020:09:45:41 +0100] "PUT /usr HTTP/1.0" 500 4980 "http://rivera.com/" "Mozilla/5.0 (Windows NT 10.0; Win64; x64) AppleWebKit/537.36 (KHTML, like Gecko) Chrome/87.0.4280.88 Safari/537.36 OPR/73.0.3856.329" 2332
167.46.75.164  [11/Jan/2020:01:26:06 +0100] "DELETE /usr/login HTTP/1.0" 502 5051 "https://burch-wade.net/terms.htm" "Mozilla/5.0 (Windows NT 10.0; Win64; x64) AppleWebKit/537.36 (KHTML, like Gecko) Chrome/87.0.4280.141 Safari/537.36" 2184
211.22.239.21  [01/Jan/2020:11:25:23 +0100] "DELETE /usr/admin HTTP/1.0" 200 4923 "https://wallace.com/main/terms/" "Mozilla/5.0 (Linux; Android 10; ONEPLUS A6000) AppleWebKit/537.36 (KHTML, like Gecko) Chrome/86.0.4240.198 Mobile Safari/537.36 OPR/61.2.3076.56749" 4829
155.119.83.80  [04/Jan/2020:11:05:21 +0100] "POST /usr HTTP/1.0" 200 5089 "http://fletcher.com/main.php" "Mozilla/5.0 (Android 10; Mobile; rv:84.0) Gecko/84.0 Firefox/84.0" 4195
211.22.239.21  [02/Jan/2020:06:50:11 +0100] "DELETE /usr/login HTTP/1.0" 200 4987 "http://www.villarreal.com/search/wp-content/register.jsp" "Mozilla/5.0 (Windows NT 10.0; Win64; x64) AppleWebKit/537.36 (KHTML, like Gecko) Chrome/87.0.4280.141 Safari/537.36" 4686
17.103.250.171  [07/Jan/2020:12:15:06 +0100] "DELETE /usr HTTP/1.0" 500 4997 "https://wallace.com/main/terms/" "Mozilla/5.0 (Macintosh; Intel Mac OS X 10_9_3) AppleWebKit/537.75.14 (KHTML, like Gecko) Version/7.0.3 Safari/7046A194A" 3298
211.22.239.21  [05/Jan/2020:03:21:45 +0100] "PUT /usr/register HTTP/1.0" 303 5019 "http://peterson.org/main/" "Mozilla/5.0 (Windows NT 10.0; Win64; x64) AppleWebKit/537.36 (KHTML, like Gecko) Chrome/87.0.4280.88 Safari/537.36 OPR/73.0.3856.329" 445
61.87.60.12  [03/Jan/2020:02:16:27 +0100] "PUT /usr/admin/developer HTTP/1.0" 404 5028 "https://www.hicks.net/blog/explore/main/register.html" "Mozilla/5.0 (Windows NT 10.0; Win64; x64; rv:84.0) Gecko/20100101 Firefox/84.0" 581
183.210.168.70  [10/Jan/2020:02:08:14 +0100] "POST /usr/admin/developer HTTP/1.0" 303 5049 "https://lewis.info/list/tag/main/post.html" "Mozilla/5.0 (Windows NT 10.0; Win64; x64; rv:84.0) Gecko/20100101 Firefox/84.0" 39
204.248.230.170  [02/Jan/2020:06:21:47 +0100] "PUT /usr/login HTTP/1.0" 500 5026 "https://www.hicks.net/blog/explore/main/register.html" "Mozilla/5.0 (Linux; Android 10; ONEPLUS A6000) AppleWebKit/537.36 (KHTML, like Gecko) Chrome/87.0.4280.141 Mobile Safari/537.36" 1954
163.238.192.156  [05/Jan/2020:02:50:20 +0100] "POST /usr/admin/developer HTTP/1.0" 200 5001 "https://www.davidson.biz/posts/blog/main.html" "Mozilla/5.0 (Android 10; Mobile; rv:84.0) Gecko/84.0 Firefox/84.0" 1304
94.71.240.158  [07/Jan/2020:07:36:24 +0100] "POST /usr/admin/developer HTTP/1.0" 303 4971 "https://www.davidson.biz/posts/blog/main.html" "Mozilla/5.0 (Android 10; Mobile; rv:84.0) Gecko/84.0 Firefox/84.0" 3967
211.22.239.21  [07/Jan/2020:04:41:35 +0100] "POST /usr/register HTTP/1.0" 303 4966 "https://www.collier.com/explore/search.html" "Mozilla/5.0 (Windows NT 10.0; Win64; x64) AppleWebKit/537.36 (KHTML, like Gecko) Chrome/87.0.4280.88 Safari/537.36 OPR/73.0.3856.329" 3311
167.46.75.164  [05/Jan/2020:10:15:28 +0100] "PUT /usr/register HTTP/1.0" 404 5003 "http://rivera.org/main/index.jsp" "Mozilla/5.0 (Windows NT 10.0; Win64; x64) AppleWebKit/537.36 (KHTML, like Gecko) Chrome/87.0.4280.88 Safari/537.36 OPR/73.0.3856.329" 3336
89.12.249.148  [04/Jan/2020:03:33:36 +0100] "PUT /usr/register HTTP/1.0" 502 4923 "https://odom-robertson.com/posts/categories/category/" "Mozilla/5.0 (Android 10; Mobile; rv:84.0) Gecko/84.0 Firefox/84.0" 3064
132.200.169.129  [04/Jan/2020:07:55:26 +0100] "PUT /usr/login HTTP/1.0" 500 5014 "http://www.henson.com/" "Mozilla/5.0 (Linux; Android 10; ONEPLUS A6000) AppleWebKit/537.36 (KHTML, like Gecko) Chrome/86.0.4240.198 Mobile Safari/537.36 OPR/61.2.3076.56749" 3212
167.46.75.164  [13/Jan/2020:07:14:01 +0100] "DELETE /usr/login HTTP/1.0" 303 5035 "https://www.davidson.biz/posts/blog/main.html" "Mozilla/5.0 (Android 10; Mobile; rv:84.0) Gecko/84.0 Firefox/84.0" 4528
206.68.59.229  [12/Jan/2020:10:27:43 +0100] "POST /usr/admin HTTP/1.0" 404 5030 "http://walker.info/app/home/" "Mozilla/5.0 (Android 10; Mobile; rv:84.0) Gecko/84.0 Firefox/84.0" 1546
206.68.59.229  [04/Jan/2020:05:44:14 +0100] "DELETE /usr/login HTTP/1.0" 200 4995 "-" "Mozilla/5.0 (Macintosh; Intel Mac OS X 10_9_3) AppleWebKit/537.75.14 (KHTML, like Gecko) Version/7.0.3 Safari/7046A194A" 1955
163.238.192.156  [13/Jan/2020:01:30:40 +0100] "GET /usr/login HTTP/1.0" 502 5098 "https://www.hicks.net/blog/explore/main/register.html" "Mozilla/5.0 (Windows NT 10.0; Win64; x64) AppleWebKit/537.36 (KHTML, like Gecko) Chrome/87.0.4280.88 Safari/537.36 OPR/73.0.3856.329" 4479
128.106.123.132  [05/Jan/2020:06:52:00 +0100] "GET /usr/admin HTTP/1.0" 200 5044 "https://www.robertson.com/categories/explore/about/" "Mozilla/5.0 (Linux; Android 10; ONEPLUS A6000) AppleWebKit/537.36 (KHTML, like Gecko) Chrome/86.0.4240.198 Mobile Safari/537.36 OPR/61.2.3076.56749" 3375
204.248.230.170  [10/Jan/2020:10:09:13 +0100] "POST /usr/admin HTTP/1.0" 403 4945 "http://www.villarreal.com/search/wp-content/register.jsp" "Mozilla/5.0 (Windows NT 10.0; Win64; x64) AppleWebKit/537.36 (KHTML, like Gecko) Chrome/87.0.4280.141 Safari/537.36" 2299
211.22.239.21  [10/Jan/2020:09:16:08 +0100] "DELETE /usr HTTP/1.0" 404 4958 "-" "Mozilla/5.0 (Linux; Android 10; ONEPLUS A6000) AppleWebKit/537.36 (KHTML, like Gecko) Chrome/87.0.4280.141 Mobile Safari/537.36" 3458
61.87.60.12  [04/Jan/2020:12:57:19 +0100] "GET /usr HTTP/1.0" 304 5027 "https://lewis.info/list/tag/main/post.html" "Mozilla/5.0 (Macintosh; Intel Mac OS X 10_9_3) AppleWebKit/537.75.14 (KHTML, like Gecko) Version/7.0.3 Safari/7046A194A" 2961
94.71.240.158  [03/Jan/2020:04:56:20 +0100] "POST /usr HTTP/1.0" 502 5036 "http://www.ball.com/wp-content/terms/" "Mozilla/5.0 (Linux; Android 10; ONEPLUS A6000) AppleWebKit/537.36 (KHTML, like Gecko) Chrome/77.0.3865.116 Mobile Safari/537.36 EdgA/45.12.4.5121" 4295
186.114.230.128  [13/Jan/2020:04:22:43 +0100] "PUT /usr/register HTTP/1.0" 500 5098 "http://www.harris.com/app/categories/list/index/" "Mozilla/5.0 (Linux; Android 10; ONEPLUS A6000) AppleWebKit/537.36 (KHTML, like Gecko) Chrome/86.0.4240.198 Mobile Safari/537.36 OPR/61.2.3076.56749" 3609
222.126.9.41  [11/Jan/2020:01:37:10 +0100] "GET /usr/register HTTP/1.0" 403 4971 "http://walker.info/app/home/" "Mozilla/5.0 (Linux; Android 10; ONEPLUS A6000) AppleWebKit/537.36 (KHTML, like Gecko) Chrome/87.0.4280.141 Mobile Safari/537.36" 4155
83.102.180.58  [11/Jan/2020:07:58:59 +0100] "DELETE /usr/admin HTTP/1.0" 200 4961 "http://www.villarreal.com/search/wp-content/register.jsp" "Mozilla/5.0 (Windows NT 10.0; Win64; x64) AppleWebKit/537.36 (KHTML, like Gecko) Chrome/87.0.4280.88 Safari/537.36 OPR/73.0.3856.329" 586
61.87.60.12  [03/Jan/2020:09:06:48 +0100] "POST /usr/login HTTP/1.0" 303 4925 "http://www.ball.com/wp-content/terms/" "Mozilla/5.0 (Android 10; Mobile; rv:84.0) Gecko/84.0 Firefox/84.0" 2929
186.114.230.128  [09/Jan/2020:09:53:37 +0100] "DELETE /usr/login HTTP/1.0" 500 5062 "http://smith.com/category/explore/category/about/" "Mozilla/5.0 (iPhone; CPU iPhone OS 12_4_9 like Mac OS X) AppleWebKit/605.1.15 (KHTML, like Gecko) Version/12.1.2 Mobile/15E148 Safari/604.1" 1634
128.106.123.132  [02/Jan/2020:08:15:51 +0100] "PUT /usr/admin HTTP/1.0" 403 5054 "https://robinson.com/" "Mozilla/5.0 (Windows NT 10.0; Win64; x64) AppleWebKit/537.36 (KHTML, like Gecko) Chrome/87.0.4280.141 Safari/537.36" 1704
183.210.168.70  [05/Jan/2020:04:38:46 +0100] "POST /usr/admin HTTP/1.0" 404 4979 "http://santos-johnson.com/main/tags/app/post/" "Mozilla/5.0 (Android 10; Mobile; rv:84.0) Gecko/84.0 Firefox/84.0" 2702
128.106.123.132  [10/Jan/2020:09:41:17 +0100] "GET /usr/register HTTP/1.0" 403 4997 "http://rivera.com/" "Mozilla/5.0 (Android 10; Mobile; rv:84.0) Gecko/84.0 Firefox/84.0" 4093
89.12.249.148  [01/Jan/2020:06:11:56 +0100] "DELETE /usr/admin/developer HTTP/1.0" 304 5034 "https://serrano-benton.com/about/" "Mozilla/5.0 (Linux; Android 10; ONEPLUS A6000) AppleWebKit/537.36 (KHTML, like Gecko) Chrome/87.0.4280.141 Mobile Safari/537.36" 3592
163.238.192.156  [11/Jan/2020:02:45:38 +0100] "POST /usr HTTP/1.0" 500 5099 "https://www.davidson.biz/posts/blog/main.html" "Mozilla/5.0 (Macintosh; Intel Mac OS X 10_9_3) AppleWebKit/537.75.14 (KHTML, like Gecko) Version/7.0.3 Safari/7046A194A" 3554
83.102.180.58  [01/Jan/2020:03:23:12 +0100] "GET /usr HTTP/1.0" 403 5038 "https://wallace.com/main/terms/" "Mozilla/5.0 (Macintosh; Intel Mac OS X 10_9_3) AppleWebKit/537.75.14 (KHTML, like Gecko) Version/7.0.3 Safari/7046A194A" 4632
94.71.240.158  [09/Jan/2020:12:22:06 +0100] "DELETE /usr HTTP/1.0" 502 5012 "http://www.villarreal.com/search/wp-content/register.jsp" "Mozilla/5.0 (Macintosh; Intel Mac OS X 10_9_3) AppleWebKit/537.75.14 (KHTML, like Gecko) Version/7.0.3 Safari/7046A194A" 2867
128.106.123.132  [02/Jan/2020:10:22:43 +0100] "GET /usr HTTP/1.0" 502 5018 "http://www.harris.com/app/categories/list/index/" "Mozilla/5.0 (Windows NT 10.0; Win64; x64) AppleWebKit/537.36 (KHTML, like Gecko) Chrome/89.0.4380.0 Safari/537.36 Edg/89.0.759.0" 618
183.210.168.70  [07/Jan/2020:02:03:03 +0100] "PUT /usr HTTP/1.0" 303 4924 "https://www.hicks.net/blog/explore/main/register.html" "Mozilla/5.0 (Android 10; Mobile; rv:84.0) Gecko/84.0 Firefox/84.0" 4542
155.119.83.80  [02/Jan/2020:07:13:13 +0100] "DELETE /usr/login HTTP/1.0" 403 5040 "https://wallace.com/main/terms/" "Mozilla/5.0 (Windows NT 10.0; Win64; x64) AppleWebKit/537.36 (KHTML, like Gecko) Chrome/89.0.4380.0 Safari/537.36 Edg/89.0.759.0" 1916
206.68.59.229  [11/Jan/2020:01:38:31 +0100] "PUT /usr HTTP/1.0" 502 4903 "https://www.collier.com/explore/search.html" "Mozilla/5.0 (Linux; Android 10; ONEPLUS A6000) AppleWebKit/537.36 (KHTML, like Gecko) Chrome/86.0.4240.198 Mobile Safari/537.36 OPR/61.2.3076.56749" 2778
94.71.240.158  [06/Jan/2020:08:31:48 +0100] "DELETE /usr HTTP/1.0" 304 5033 "http://santos-johnson.com/main/tags/app/post/" "Mozilla/5.0 (Windows NT 10.0; Win64; x64) AppleWebKit/537.36 (KHTML, like Gecko) Chrome/89.0.4380.0 Safari/537.36 Edg/89.0.759.0" 1710
204.248.230.170  [12/Jan/2020:10:18:07 +0100] "PUT /usr/login HTTP/1.0" 500 5039 "http://smith.com/category/explore/category/about/" "Mozilla/5.0 (Linux; Android 10; ONEPLUS A6000) AppleWebKit/537.36 (KHTML, like Gecko) Chrome/87.0.4280.141 Mobile Safari/537.36" 240
94.71.240.158  [05/Jan/2020:03:12:22 +0100] "POST /usr/register HTTP/1.0" 500 4975 "http://walker.info/app/home/" "Mozilla/5.0 (Windows NT 10.0; Win64; x64) AppleWebKit/537.36 (KHTML, like Gecko) Chrome/87.0.4280.88 Safari/537.36 OPR/73.0.3856.329" 1867
40.191.125.16  [01/Jan/2020:09:25:06 +0100] "GET /usr/login HTTP/1.0" 304 4966 "https://www.robertson.com/categories/explore/about/" "Mozilla/5.0 (Linux; Android 10; ONEPLUS A6000) AppleWebKit/537.36 (KHTML, like Gecko) Chrome/86.0.4240.198 Mobile Safari/537.36 OPR/61.2.3076.56749" 726
17.103.250.171  [01/Jan/2020:02:57:14 +0100] "GET /usr/admin HTTP/1.0" 500 5001 "http://fletcher.com/main.php" "Mozilla/5.0 (Linux; Android 10; ONEPLUS A6000) AppleWebKit/537.36 (KHTML, like Gecko) Chrome/86.0.4240.198 Mobile Safari/537.36 OPR/61.2.3076.56749" 4421
186.114.230.128  [13/Jan/2020:12:33:45 +0100] "GET /usr/login HTTP/1.0" 304 4901 "http://rivera.org/main/index.jsp" "Mozilla/5.0 (Linux; Android 10; ONEPLUS A6000) AppleWebKit/537.36 (KHTML, like Gecko) Chrome/87.0.4280.141 Mobile Safari/537.36" 4675
204.248.230.170  [12/Jan/2020:10:37:02 +0100] "POST /usr/login HTTP/1.0" 502 5037 "https://lewis.info/list/tag/main/post.html" "Mozilla/5.0 (Windows NT 10.0; Win64; x64) AppleWebKit/537.36 (KHTML, like Gecko) Chrome/89.0.4380.0 Safari/537.36 Edg/89.0.759.0" 4944
150.231.146.64  [01/Jan/2020:07:53:01 +0100] "PUT /usr HTTP/1.0" 303 5018 "https://www.hicks.net/blog/explore/main/register.html" "Mozilla/5.0 (Windows NT 10.0; Win64; x64) AppleWebKit/537.36 (KHTML, like Gecko) Chrome/87.0.4280.88 Safari/537.36 OPR/73.0.3856.329" 2830
122.161.25.177  [07/Jan/2020:02:55:14 +0100] "GET /usr/register HTTP/1.0" 200 4939 "https://burch-wade.net/terms.htm" "Mozilla/5.0 (Windows NT 10.0; Win64; x64) AppleWebKit/537.36 (KHTML, like Gecko) Chrome/87.0.4280.141 Safari/537.36" 2927
83.102.180.58  [03/Jan/2020:12:03:32 +0100] "DELETE /usr/register HTTP/1.0" 200 4947 "https://www.hicks.net/blog/explore/main/register.html" "Mozilla/5.0 (iPhone; CPU iPhone OS 12_4_9 like Mac OS X) AppleWebKit/605.1.15 (KHTML, like Gecko) Version/12.1.2 Mobile/15E148 Safari/604.1" 3717
150.231.146.64  [07/Jan/2020:10:50:37 +0100] "PUT /usr HTTP/1.0" 303 4944 "http://walker.info/app/home/" "Mozilla/5.0 (Windows NT 10.0; Win64; x64) AppleWebKit/537.36 (KHTML, like Gecko) Chrome/87.0.4280.141 Safari/537.36" 1863
122.161.25.177  [08/Jan/2020:02:07:16 +0100] "DELETE /usr HTTP/1.0" 303 4956 "http://rivera.com/" "Mozilla/5.0 (Android 10; Mobile; rv:84.0) Gecko/84.0 Firefox/84.0" 3209
150.231.146.64  [10/Jan/2020:12:17:49 +0100] "PUT /usr/register HTTP/1.0" 500 5025 "https://www.collier.com/explore/search.html" "Mozilla/5.0 (Linux; Android 10; ONEPLUS A6000) AppleWebKit/537.36 (KHTML, like Gecko) Chrome/77.0.3865.116 Mobile Safari/537.36 EdgA/45.12.4.5121" 4045
167.46.75.164  [03/Jan/2020:07:02:20 +0100] "PUT /usr/admin/developer HTTP/1.0" 404 5025 "https://robinson.com/" "Mozilla/5.0 (Linux; Android 10; ONEPLUS A6000) AppleWebKit/537.36 (KHTML, like Gecko) Chrome/87.0.4280.141 Mobile Safari/537.36" 2216
40.191.125.16  [03/Jan/2020:03:52:58 +0100] "GET /usr/login HTTP/1.0" 500 4967 "http://peterson.org/main/" "Mozilla/5.0 (Linux; Android 10; ONEPLUS A6000) AppleWebKit/537.36 (KHTML, like Gecko) Chrome/86.0.4240.198 Mobile Safari/537.36 OPR/61.2.3076.56749" 271
211.22.239.21  [09/Jan/2020:09:45:04 +0100] "GET /usr HTTP/1.0" 403 5009 "http://www.villarreal.com/search/wp-content/register.jsp" "Mozilla/5.0 (iPhone; CPU iPhone OS 12_4_9 like Mac OS X) AppleWebKit/605.1.15 (KHTML, like Gecko) Version/12.1.2 Mobile/15E148 Safari/604.1" 4829
211.22.239.21  [10/Jan/2020:06:22:42 +0100] "PUT /usr HTTP/1.0" 304 5010 "https://www.hicks.net/blog/explore/main/register.html" "Mozilla/5.0 (Windows NT 10.0; Win64; x64; rv:84.0) Gecko/20100101 Firefox/84.0" 353
222.126.9.41  [12/Jan/2020:04:41:29 +0100] "PUT /usr HTTP/1.0" 200 5017 "-" "Mozilla/5.0 (Windows NT 10.0; Win64; x64) AppleWebKit/537.36 (KHTML, like Gecko) Chrome/87.0.4280.141 Safari/537.36" 3628
207.110.42.160  [12/Jan/2020:07:35:31 +0100] "POST /usr HTTP/1.0" 502 5020 "https://www.reyes.com/faq.html" "Mozilla/5.0 (Linux; Android 10; ONEPLUS A6000) AppleWebKit/537.36 (KHTML, like Gecko) Chrome/77.0.3865.116 Mobile Safari/537.36 EdgA/45.12.4.5121" 3886
40.191.125.16  [08/Jan/2020:12:27:42 +0100] "POST /usr/admin HTTP/1.0" 404 5043 "http://james-ruiz.com/" "Mozilla/5.0 (Windows NT 10.0; Win64; x64) AppleWebKit/537.36 (KHTML, like Gecko) Chrome/87.0.4280.88 Safari/537.36 OPR/73.0.3856.329" 1114
163.238.192.156  [11/Jan/2020:02:06:13 +0100] "PUT /usr/register HTTP/1.0" 304 4997 "https://odom-robertson.com/posts/categories/category/" "Mozilla/5.0 (Macintosh; Intel Mac OS X 10_9_3) AppleWebKit/537.75.14 (KHTML, like Gecko) Version/7.0.3 Safari/7046A194A" 3239
61.87.60.12  [11/Jan/2020:04:05:12 +0100] "PUT /usr HTTP/1.0" 502 5072 "https://www.reyes.com/faq.html" "Mozilla/5.0 (Windows NT 10.0; Win64; x64) AppleWebKit/537.36 (KHTML, like Gecko) Chrome/89.0.4380.0 Safari/537.36 Edg/89.0.759.0" 1596
